1,1,0,4,Just fine I guess...,2023-09-12 23:13:01,0
2,1,2,5,Just fine I guess..,2023-09-12 23:13:02,0
3,1,3,5,Just fine I guess.,2023-09-12 23:13:03,0
4,1,4,3,Just fine I guess,2023-09-12 23:13:04,0
5,1,5,3,Just fine,2023-09-12 23:13:05,0
"6","6","2","5","May perform product.","2024-01-29 18:30:44","10"
"7","5","3","4","East against southern collection.","2024-02-02 16:24:13","91"
"8","1","6","5","Billion pick report past always future scene heavy.","2024-01-08 01:14:42","63"
"9","1","5","3","Public leader medical class send.","2024-03-06 13:32:35","34"
"10","7","6","4","Financial too nearly.","2024-01-07 18:46:40","98"
"11","8","9","1","Energy rather lay return identify many again.","2024-01-07 15:43:34","32"
"12","10","11","1","Reflect upon yet seven several might history strong.","2024-02-18 16:02:16","26"
"13","1","9","4","Source wall drug purpose mouth then.","2024-02-01 13:32:33","19"
"14","5","0","2","Staff north weight guy personal follow situation over.","2024-02-03 00:25:21","0"
"15","2","9","4","Kind game act.","2024-04-03 06:53:04","85"
"16","10","4","1","Could nature interest wear community college probably church.","2024-01-22 08:53:14","64"
"17","10","8","5","His itself find add sing standard exactly election.","2024-04-12 09:14:03","70"
"18","5","6","5","Relationship it center accept memory.","2024-03-15 14:14:36","46"
"19","7","0","1","Treatment PM sometimes set tonight gun word.","2024-01-31 18:44:27","87"
"20","3","10","4","Physical market room eat through ever.","2024-03-22 13:15:28","9"
"21","9","7","2","Season last meeting southern relate.","2024-02-06 13:26:44","21"
"22","7","1","3","Play wait education think similar particular.","2024-01-18 14:21:46","39"
"23","0","7","4","Several dark huge.","2024-03-25 14:05:55","99"
"24","10","11","2","Recent state old great notice north.","2024-02-24 01:12:14","41"
"25","0","6","3","Tv career bank ten guess attorney response.","2024-04-01 11:29:44","5"
"26","5","0","4","Hotel by year player image central.","2024-01-29 15:21:03","51"
"27","4","8","2","Clear throughout treat relate.","2024-01-10 01:42:06","93"
"28","8","0","4","Reality recently hold conference son spend ball.","2024-02-03 20:52:51","33"
"29","3","4","2","Red effect else very your choice.","2024-03-28 03:40:33","70"
"30","2","0","3","One political almost serious stand author possible lead.","2024-02-16 08:31:18","58"
"31","8","2","5","Tree care sign arm bar military.","2024-01-01 11:28:00","99"
"32","1","2","3","Parent now from her gun subject.","2024-01-24 01:51:57","17"
"33","5","0","3","Safe affect though cover.","2024-03-21 08:37:00","82"
"34","0","4","4","Treatment over some collection truth unit.","2024-03-20 06:28:17","6"
"35","7","5","3","Top series public none sound include air sort.","2024-02-06 23:45:49","49"
"36","1","5","3","But go computer pattern.","2024-01-03 15:35:51","41"
"37","7","8","4","Live teach movie I situation understand agree.","2024-04-10 04:06:19","12"
"38","1","5","4","Western likely almost training personal expert.","2024-01-08 03:31:06","0"
"39","6","5","5","War receive civil single.","2024-01-31 20:52:41","81"
"40","10","3","2","Foreign agency when personal huge difficult player forget.","2024-02-16 06:01:53","45"
"41","3","2","1","Leg theory case north add us.","2024-01-02 02:16:15","87"
"42","6","2","3","Affect station member although.","2024-01-22 17:30:10","73"
"43","9","2","1","Purpose here ago job.","2024-03-05 15:32:07","91"
"44","3","2","4","Member mouth authority imagine probably whom.","2024-03-24 19:07:38","55"
"45","3","7","3","Different house population however ok structure.","2024-02-23 13:40:18","67"
"46","5","8","3","Page single theory.","2024-02-23 15:34:00","5"
"47","9","5","5","Who blood there any require agree.","2024-03-22 18:14:01","93"
"48","6","7","2","Require page claim future.","2024-03-20 19:50:49","20"
"49","9","4","2","Both happy central group line million approach.","2024-02-20 00:39:13","22"
"50","9","5","1","Herself among necessary alone improve.","2024-03-13 20:23:00","93"
"51","3","5","5","Car party close issue.","2024-03-18 08:39:59","59"
"52","1","10","5","Sing nation network college.","2024-02-10 06:51:06","21"
"53","3","0","5","Career manage tonight perhaps explain soldier range.","2024-03-20 09:27:46","98"
"54","4","2","3","Physical why mouth certain heavy science.","2024-02-29 06:31:56","30"
"55","6","5","5","We memory who yet spend raise.","2024-01-30 21:45:34","18"
"56","0","9","2","Plant wonder thing blood single recently other owner.","2024-04-09 16:51:36","14"
"57","4","9","4","Heart soldier action throughout.","2024-04-03 08:14:48","40"
"58","1","10","2","Hard recent project speech director city necessary.","2024-01-16 03:11:42","99"
"59","8","2","5","Still support these.","2024-04-10 10:02:41","52"
"60","9","10","4","Just raise enough onto try.","2024-02-03 06:28:44","56"
"61","9","0","4","Upon beautiful open free medical lay.","2024-04-03 04:41:51","79"
"62","1","4","1","Make population line Congress must city system.","2024-01-28 21:24:18","58"
"63","1","2","4","Hotel well news enter director book cell.","2024-01-19 06:45:53","17"
"64","10","0","1","Only cup almost identify.","2024-04-05 05:10:29","91"
"65","1","7","5","Girl sister their rate drop marriage worker.","2024-02-23 07:03:41","28"
"66","0","7","5","Water meeting future back off difficult.","2024-03-12 08:40:12","48"
"67","2","3","5","Very score loss they grow.","2024-03-15 15:09:13","78"
"68","2","1","4","Great than director remember place grow.","2024-02-23 20:49:58","45"
"69","6","4","5","Look fact land general.","2024-02-17 06:56:29","95"
"70","2","5","1","Director race wish let left very your.","2024-02-12 20:19:43","86"
"71","6","8","2","Main fire range begin first.","2024-02-14 03:39:32","55"
"72","0","9","3","Image enjoy rise.","2024-02-04 16:12:14","14"
"73","2","5","3","Do analysis him.","2024-01-01 21:00:10","16"
"74","1","9","4","Various current scientist culture ability to suffer at.","2024-02-04 09:30:36","29"
"75","3","6","4","Listen a decision wish among west.","2024-01-06 13:03:55","74"
"76","5","6","3","Quality political other begin war resource.","2024-02-22 23:40:17","3"
"77","2","9","4","Her of process cut.","2024-04-08 15:30:29","64"
"78","1","8","4","Really listen meeting language.","2024-02-04 16:41:26","58"
"79","8","5","1","Indicate help north friend.","2024-02-15 08:28:35","58"
"80","3","5","1","Simple improve language thousand need when simple.","2024-02-13 11:50:19","54"
"81","3","4","3","Little direction exist president outside upon why.","2024-04-11 10:28:05","87"
"82","1","3","4","Usually piece but arrive garden.","2024-03-05 22:36:18","79"
"83","2","7","4","Question in court hospital skin soon.","2024-03-06 19:41:08","97"
"84","10","8","3","Rich consumer type Republican organization.","2024-03-25 06:46:51","19"
"85","10","9","3","Together number degree kid drug toward such.","2024-02-08 03:15:03","0"
"86","0","1","4","Drug them particular produce.","2024-01-22 04:13:45","96"
"87","8","6","5","Those full rate clear newspaper.","2024-03-10 05:34:07","91"
"88","7","6","5","Wrong fish yeah attack detail box.","2024-01-31 05:56:30","50"
"89","7","8","4","Throughout region again debate take.","2024-03-20 21:15:32","69"
"90","3","10","5","Whether protect most.","2024-04-05 02:12:32","39"
"91","6","8","5","At painting room sell daughter pay growth.","2024-01-17 06:07:54","95"
"92","0","3","4","Whose agreement tell mention check election order everything.","2024-02-12 15:04:37","48"
"93","6","8","2","Direction opportunity very analysis firm once.","2024-04-04 04:27:00","8"
"94","8","7","2","Floor role agency its professor while.","2024-01-28 12:33:37","3"
"95","1","6","5","All evening his gas health.","2024-02-06 19:20:14","95"
"96","8","9","4","Full need claim many.","2024-01-05 06:18:35","81"
"97","4","5","4","General yet party individual.","2024-01-14 03:20:25","32"
"98","9","1","2","Avoid yourself campaign alone subject development best.","2024-02-12 03:07:53","22"
"99","10","3","4","Cut recognize keep citizen result thus.","2024-02-08 23:45:43","27"
