1,1,1,5,Great! I like it!,2023-09-12 23:12:57,0
2,1,2,4,Not so good...,2023-09-12 23:12:58,0
3,1,3,3,I don't like it.,2023-09-12 23:12:59,0
"4","6","83","1","Else memory if.","2024-02-28 21:32:23","61"
"5","5","57","5","Cause cause believe son would mouth relate.","2024-01-29 12:53:23","39"
"6","1","39","3","Line beyond its particularly tree whom.","2024-04-02 15:01:36","56"
"7","8","63","2","Source nature add rest.","2024-03-18 10:39:08","90"
"8","10","30","5","Management test during foot that course nothing draw.","2024-01-28 16:04:19","69"
"9","7","41","1","Year themselves your majority.","2024-02-28 12:50:37","70"
"10","4","45","4","Four two data son natural explain before.","2024-03-15 17:46:09","40"
"11","9","60","4","Contain start almost wonder employee.","2024-01-14 09:57:38","11"
"12","10","46","1","Type successful together type.","2024-03-16 23:34:18","90"
"13","8","65","1","Speech support time operation wear often late.","2024-03-10 09:27:12","10"
"14","5","44","5","Onto friend couple administration even relate head.","2024-02-03 02:30:09","42"
"15","6","37","4","Situation talk despite stage.","2024-04-13 17:32:34","77"
"16","10","39","4","Buy country store.","2024-01-24 05:49:16","50"
"17","1","77","4","Already against which continue.","2024-01-25 01:23:35","61"
"18","3","37","5","Name per structure.","2024-01-14 14:14:37","28"
"19","1","68","1","Job article level others record hospital.","2024-02-20 12:18:31","45"
"20","7","51","1","Whom around put suddenly garden.","2024-02-18 16:17:15","15"
"21","9","86","4","Actually race tonight themselves.","2024-03-01 11:26:36","83"
"22","5","79","3","Check real leader bad school.","2024-02-24 13:00:37","17"
"23","3","91","5","Particular pull opportunity throughout take car.","2024-03-01 06:05:29","49"
"24","6","40","4","Organization recognize civil.","2024-02-13 07:42:40","81"
"25","7","78","3","Themselves all the nothing sign remember close.","2024-01-13 09:43:54","33"
"26","2","87","1","Those traditional page a although for study.","2024-01-10 16:21:01","53"
"27","3","100","5","Study candidate address wear.","2024-03-22 01:37:17","40"
"28","0","57","3","Response able state.","2024-04-12 14:16:14","78"
"29","1","54","1","Part cup few read.","2024-02-05 09:12:43","12"
"30","7","80","2","Ball ever laugh society technology card minute practice.","2024-03-08 09:23:03","14"
"31","2","65","3","Amount day employee.","2024-03-02 02:40:11","46"
"32","9","35","1","Pretty Republican total policy head Mrs debate onto.","2024-01-02 17:27:48","17"
"33","2","64","2","Front happen behavior single along especially.","2024-01-30 00:19:45","74"
"34","4","76","5","Writer can boy room value film.","2024-04-11 13:35:26","93"
"35","1","68","4","Structure federal board night loss front.","2024-03-07 17:31:57","15"
"36","7","44","1","Interview few same thus turn phone heart.","2024-01-17 21:05:05","8"
"37","1","55","2","Article account hour million large.","2024-04-04 21:07:43","100"
"38","9","57","3","Base detail yourself one coach court.","2024-01-23 07:59:47","8"
"39","0","97","2","Sell cut market either political young something.","2024-01-29 10:03:40","13"
"40","3","88","5","Gun still bit other maintain nor.","2024-03-23 04:26:10","66"
"41","7","71","4","Your play themselves myself use act relationship.","2024-03-02 19:11:47","41"
"42","0","97","1","Themselves owner choose here.","2024-02-27 03:55:16","91"
"43","7","38","2","Might trip at candidate.","2024-02-28 08:11:25","1"
"44","7","72","4","Song than leave he.","2024-03-15 05:19:58","67"
"45","8","34","4","Before some military outside baby interview senior.","2024-02-26 05:55:57","68"
"46","9","83","4","Suddenly win parent do ten after those.","2024-02-05 08:02:11","38"
"47","8","62","3","Assume teacher wall field impact special.","2024-01-13 02:08:48","20"
"48","10","46","2","Expert stop area along individual.","2024-04-05 12:05:54","77"
"49","1","49","2","In partner hit another likely character.","2024-01-07 07:18:00","76"
"50","9","46","3","Food record power crime situation since book art.","2024-03-31 17:15:20","78"
"51","10","73","1","Wide require fast support.","2024-03-16 06:33:35","37"
"52","10","45","5","Team yet although hot he couple ground.","2024-01-15 15:06:28","5"
"53","0","92","1","Too war project occur democratic.","2024-01-19 03:37:50","99"
"54","10","94","5","Information figure box international not type very.","2024-03-21 17:01:42","8"
"55","1","83","2","Safe air land rather.","2024-01-06 20:26:08","63"
"56","5","62","2","Good building reality generation.","2024-02-04 13:06:35","1"
"57","3","76","5","Others century about probably.","2024-01-24 22:05:53","95"
"58","0","67","4","Ready usually do center law live.","2024-02-20 03:23:13","16"
"59","0","56","1","Friend which fast there network force.","2024-01-16 16:35:50","13"
"60","8","69","5","Heavy chair by development.","2024-04-08 17:00:03","31"
"61","3","53","5","Head production technology over hour.","2024-01-15 05:11:19","16"
"62","6","68","4","Indicate unit opportunity fear great easy plan.","2024-04-12 18:17:05","7"
"63","6","82","5","Individual rock fly.","2024-02-09 14:39:48","47"
"64","4","90","5","Wear someone everybody newspaper.","2024-01-30 21:07:38","89"
"65","7","81","3","Should it easy law.","2024-04-11 14:58:53","18"
"66","5","89","2","Pm low data ability recognize peace account fear.","2024-02-28 11:30:09","69"
"67","9","49","3","Relationship likely question set discussion seven.","2024-02-24 09:18:23","80"
"68","0","45","1","This American either moment ok.","2024-03-17 22:35:19","56"
"69","1","62","2","Exist sense training other along society.","2024-02-29 08:13:03","68"
"70","5","45","5","Teacher three seven attention team executive care.","2024-04-11 13:38:10","80"
"71","3","98","1","Improve play idea sing.","2024-02-24 02:26:17","37"
"72","7","77","2","Pick church recent high opportunity cause property.","2024-03-09 18:01:45","80"
"73","7","83","2","Live reason five present art.","2024-02-28 06:57:51","18"
"74","7","36","4","Democratic green hospital year suffer without rather bank.","2024-03-17 17:22:17","0"
"75","5","35","5","Per yourself their record.","2024-02-14 00:26:17","18"
"76","9","66","5","Black leave form collection instead.","2024-03-25 12:30:23","18"
"77","7","48","3","Firm decade cost glass work interview man.","2024-02-12 18:01:03","25"
"78","7","56","5","Report town almost plan that hair sea quality.","2024-02-15 06:09:27","78"
"79","4","41","2","Seem sign third in approach recent program.","2024-03-24 14:45:44","74"
"80","7","92","2","Region democratic entire analysis clear.","2024-01-01 18:03:24","37"
"81","10","30","2","As into develop part.","2024-02-12 21:48:30","58"
"82","3","73","3","Bill third some follow lay foot agreement and.","2024-03-12 14:17:08","10"
"83","3","97","1","Could cut pull save fine team.","2024-02-19 10:42:16","61"
"84","5","60","1","Figure necessary across.","2024-04-06 04:16:04","92"
"85","7","36","1","Without leave brother bank better she.","2024-03-21 09:26:22","27"
"86","7","39","5","Next though house where economic detail.","2024-02-24 04:12:56","45"
"87","5","85","3","News experience must cut.","2024-02-27 14:26:54","99"
"88","7","95","1","Left plant evening admit past Republican common increase.","2024-02-12 08:15:18","36"
"89","10","30","2","Middle teacher business population brother say grow.","2024-02-24 18:59:38","28"
"90","3","38","5","Film force health lose old case administration.","2024-04-08 00:46:12","41"
"91","5","33","5","Theory choice computer yard.","2024-01-27 07:51:07","97"
"92","3","93","1","Should wide dog car do his part.","2024-01-26 17:41:04","80"
"93","7","43","2","Street money grow lay actually detail present produce.","2024-04-06 01:27:50","94"
"94","7","99","1","Region bad case I course first.","2024-02-26 15:33:06","49"
"95","0","56","3","Firm section economic.","2024-03-26 16:07:05","85"
"96","10","58","2","General class admit of around.","2024-01-30 08:43:07","45"
"97","0","92","5","Article drop actually watch force start general professional.","2024-01-27 09:06:37","27"
"98","7","85","2","Group computer forget would.","2024-03-20 08:21:25","48"
"99","0","82","4","Move source wonder relate service.","2024-01-24 19:20:10","52"
