1,1,99,5,Great! I like it!,2023-09-12 23:12:57,0
2,1,2,4,Not so good...,2023-09-12 23:12:58,0
3,1,3,3,I don't like it.,2023-09-12 23:12:59,0
"4","6","90","2","Story the partner positive single produce almost.","2024-01-29 22:51:54","99"
"5","2","67","4","Force hour institution.","2024-01-08 02:23:39","20"
"6","6","38","4","Former wife wrong nor political whose future realize.","2024-02-01 09:42:57","18"
"7","0","92","3","Doctor ability security culture.","2024-04-07 08:24:21","36"
"8","9","54","1","Debate decade table visit.","2024-01-01 10:24:19","33"
"9","1","91","1","Organization foreign pass culture sound media.","2024-02-20 18:11:36","35"
"10","1","68","1","Account several thank college discover first.","2024-03-15 00:28:28","29"
"11","6","84","3","Goal pretty fall clear ten ask.","2024-03-28 18:56:34","28"
"12","3","73","4","Building hand gun trip one if each.","2024-04-07 00:32:50","5"
"13","6","37","2","Relate maybe whose seem put entire.","2024-01-01 12:28:18","96"
"14","9","31","2","Language lay area hot stand.","2024-03-15 02:59:16","12"
"15","1","84","3","State certainly skill white.","2024-02-12 03:35:35","2"
"16","9","64","4","Not executive road us.","2024-01-16 00:47:39","48"
"17","3","38","2","Himself sign again season enjoy.","2024-01-13 07:43:39","73"
"18","1","98","2","Beyond item debate him alone.","2024-01-02 00:24:56","54"
"19","8","94","4","Performance act across expert subject vote final walk.","2024-02-13 06:55:53","54"
"20","9","61","4","None many house often police.","2024-01-03 08:57:47","95"
"21","0","39","4","Should oil its mission claim improve value per.","2024-02-21 07:07:00","2"
"22","4","76","4","Form left land rate.","2024-02-05 08:30:54","97"
"23","7","74","5","Control offer lot travel that.","2024-01-02 01:14:14","60"
"24","2","61","1","Draw line page car image under miss.","2024-04-14 07:55:37","46"
"25","4","96","2","Form interesting eat be air yourself best.","2024-03-12 14:39:02","5"
"26","5","81","1","Young collection reduce industry.","2024-03-23 22:05:18","14"
"27","6","78","2","How interest oil word.","2024-03-02 12:30:36","28"
"28","6","94","1","Customer thought could about region industry.","2024-03-17 00:24:58","65"
"29","7","85","3","Later for today clearly.","2024-02-14 22:12:01","83"
"30","2","39","2","Congress list community theory save home.","2024-01-30 19:54:23","20"
"31","10","36","3","Dark audience far life.","2024-04-08 19:39:07","10"
"32","7","56","2","Idea heart camera might here control.","2024-04-04 20:33:00","55"
"33","6","33","1","Church responsibility these star boy.","2024-04-13 15:12:13","64"
"34","10","62","4","Might people recent family I history.","2024-02-25 00:00:59","97"
"35","8","34","1","Sure edge arrive table similar bed option half.","2024-04-11 14:47:51","91"
"36","9","50","1","Door will floor employee drug.","2024-04-10 18:10:14","39"
"37","1","61","5","Five idea authority position recently site bed foot.","2024-04-13 13:42:36","37"
"38","10","89","1","Best yes late listen admit improve sport.","2024-01-22 23:29:32","0"
"39","3","80","2","Visit stand mother get safe paper.","2024-04-13 23:10:31","72"
"40","8","78","4","Tend art people physical.","2024-02-23 07:42:25","23"
"41","6","91","5","Prevent management before.","2024-01-05 20:50:54","66"
"42","9","74","5","Some forward suggest happen.","2024-03-18 11:13:17","53"
"43","2","37","4","Five safe produce may race live.","2024-03-28 15:50:35","18"
"44","1","49","4","Will speak or activity agent matter.","2024-04-13 05:31:05","46"
"45","8","75","1","Tonight my surface.","2024-03-23 04:05:59","34"
"46","5","85","3","Risk value two technology.","2024-03-08 09:04:58","53"
"47","1","85","2","New quite threat few.","2024-02-03 02:42:18","67"
"48","6","49","5","Director compare might field meet all.","2024-03-19 14:08:14","54"
"49","1","59","5","Give two dog management.","2024-03-05 19:18:05","98"
"50","8","86","1","Laugh laugh administration main project.","2024-02-25 20:24:28","55"
"51","9","41","4","Whole place I item organization arrive.","2024-03-27 05:45:03","82"
"52","2","71","1","Season success foreign however government.","2024-02-19 02:22:01","33"
"53","7","97","3","Peace seven full these technology size reflect.","2024-01-04 04:04:47","2"
"54","4","59","4","Peace certainly condition main garden.","2024-03-12 07:28:22","45"
"55","5","90","4","Field rise alone agent matter design prevent.","2024-04-09 07:21:12","85"
"56","2","82","2","Spring house prevent check country outside.","2024-02-07 18:55:24","51"
"57","9","98","5","Address service ever impact explain civil positive.","2024-01-09 06:47:48","47"
"58","5","69","2","Study window activity born alone.","2024-01-12 06:26:58","27"
"59","2","58","3","Base establish people treatment this three.","2024-01-08 08:09:46","64"
"60","3","51","3","Ability garden rather form ready special same.","2024-03-05 16:12:50","88"
"61","8","31","1","One couple his can already side image.","2024-03-30 19:49:48","30"
"62","10","36","4","In arm defense industry writer make.","2024-01-26 04:15:41","82"
"63","10","40","4","Science green role amount.","2024-02-05 19:17:28","39"
"64","2","90","5","Deal dinner paper gun avoid.","2024-02-19 05:45:00","98"
"65","10","94","1","Born by easy finally contain list decision.","2024-04-06 06:43:07","72"
"66","10","86","2","Various south certain news particularly system.","2024-01-20 15:03:53","28"
"67","0","62","5","People figure cultural view.","2024-01-08 12:53:34","10"
"68","7","94","2","Add service activity travel.","2024-01-06 00:48:39","45"
"69","10","51","4","Brother head successful.","2024-01-26 03:58:02","81"
"70","8","100","4","Raise those similar training politics ahead.","2024-04-05 05:58:09","60"
"71","0","35","1","West growth important serve compare dark.","2024-02-12 05:52:51","63"
"72","2","99","4","Between though weight age.","2024-01-30 17:54:43","25"
"73","4","69","4","Listen scene executive stage hope.","2024-01-03 03:12:02","67"
"74","7","59","2","Always how officer trouble.","2024-04-08 00:13:41","43"
"75","10","89","5","First senior significant again former fine.","2024-02-14 03:52:55","70"
"76","7","73","2","Church seek charge friend throughout since.","2024-03-09 04:04:18","54"
"77","5","77","4","Ability always help watch oil himself.","2024-04-10 00:24:44","81"
"78","8","50","1","Dog fast remain wrong so.","2024-04-01 20:56:45","59"
"79","4","80","1","Important into begin morning enough.","2024-01-19 02:26:18","78"
"80","6","88","3","Rock nation fall very it eat.","2024-04-01 10:24:27","94"
"81","1","69","5","Close weight family friend total find paper.","2024-02-14 03:49:18","75"
"82","6","49","2","Trouble within above rather bank.","2024-02-04 18:51:09","63"
"83","4","35","3","By can this will right fight people open.","2024-02-09 03:11:43","10"
"84","9","44","4","Best chair cut early shoulder blood.","2024-03-30 14:22:25","74"
"85","3","56","1","Plant audience owner ok stock hand red.","2024-03-16 20:58:50","3"
"86","2","46","4","Such bag require her market individual sense five.","2024-01-30 02:18:02","98"
"87","3","41","5","Purpose nor oil forget heart truth nothing feeling.","2024-01-04 11:49:19","20"
"88","1","32","5","Now until buy seven west.","2024-01-20 10:34:19","90"
"89","7","90","1","Doctor above national experience soon tree work.","2024-01-25 00:16:19","25"
"90","2","96","1","Suffer pattern once impact agreement according mother.","2024-04-07 03:20:18","83"
"91","7","70","4","Either society write sit different include.","2024-03-05 12:38:10","37"
"92","9","62","1","Life this drug itself prove enjoy someone.","2024-03-15 05:51:25","83"
"93","9","72","5","Section reveal walk letter amount.","2024-02-13 19:24:53","30"
"94","6","57","2","Ask action top identify close now.","2024-01-28 23:12:45","78"
"95","2","52","2","Blue media network around.","2024-01-09 22:02:38","75"
"96","4","32","5","Pull thing consider region find.","2024-03-25 10:10:01","72"
"97","4","30","2","Discuss leave political pressure him.","2024-04-04 17:47:05","14"
"98","4","72","4","Light why page.","2024-01-06 11:58:57","23"
"99","1","56","2","Source court relationship campaign mention treatment imagine.","2024-02-03 18:52:20","35"
"100","7","35","2","Instead morning agree either half official mention.","2024-02-04 13:07:52","66"
"101","6","52","3","Kid themselves road person national talk gun thing.","2024-03-10 21:27:23","74"
"102","5","71","1","Time set nor owner.","2024-03-17 07:58:30","3"
"103","7","59","4","Threat him how ok produce again leg.","2024-02-28 19:43:27","12"
"104","0","86","4","Hour offer report after build then hospital.","2024-01-01 16:14:52","77"
"105","7","72","2","Medical account note respond.","2024-04-04 07:12:06","3"
"106","8","58","2","Guess move add standard south.","2024-03-21 04:15:07","51"
"107","8","56","2","Affect choose great tree deal.","2024-03-06 10:54:25","12"
"108","3","37","5","Arm stuff director beyond situation cell edge three.","2024-03-10 22:02:16","97"
"109","0","44","1","Letter school person purpose animal.","2024-01-24 14:57:55","57"
"110","9","38","5","Side red store carry conference read.","2024-03-25 08:09:11","92"
"111","10","56","2","Whom feeling inside decision.","2024-01-06 09:21:02","30"
"112","1","33","5","Great statement truth could force subject enter.","2024-01-29 15:36:38","84"
"113","9","66","1","Data anything executive there.","2024-02-20 10:04:40","9"
"114","9","40","5","Improve material happy return everything bill.","2024-02-01 18:46:10","73"
"115","4","31","2","Network south more interesting.","2024-03-21 22:09:53","19"
"116","9","45","2","Kitchen upon scene natural television field point.","2024-01-13 00:02:26","92"
"117","9","81","4","Site score share push kid write.","2024-01-23 03:58:49","43"
"118","6","55","3","Wife send recognize accept purpose.","2024-03-13 07:28:38","44"
"119","8","55","3","East chance religious most become husband though huge.","2024-04-06 09:12:51","52"
"120","9","65","2","To worker treat.","2024-03-21 07:50:05","97"
"121","1","83","5","Develop house market tree ahead major good.","2024-03-03 17:35:42","97"
"122","3","34","2","Stay fall young tree yet option my serve.","2024-01-18 12:42:33","68"
"123","8","34","2","Talk begin recently laugh same way process.","2024-01-06 05:18:36","64"
"124","10","80","5","Reveal knowledge memory number crime reduce area.","2024-02-25 15:28:21","66"
"125","6","89","3","Including box improve factor study site.","2024-01-02 03:46:56","72"
"126","4","81","1","Decision into fine if live newspaper hospital.","2024-02-15 10:55:01","1"
"127","10","51","2","Most seek painting drug decide family present.","2024-04-01 13:27:29","31"
"128","1","54","1","Rise direction he democratic me must whose.","2024-01-25 14:02:17","11"
"129","4","63","3","Hundred low south owner institution.","2024-03-12 03:00:36","72"
"130","9","95","3","Position song husband end.","2024-02-20 16:24:46","5"
"131","4","96","1","Stage difficult car himself.","2024-03-13 15:35:57","59"
"132","4","74","5","Main us significant age.","2024-02-23 21:16:18","48"
"133","8","46","3","Sport hold no.","2024-02-07 17:02:33","42"
"134","5","79","5","Six event time you man so.","2024-03-02 09:18:19","23"
"135","9","31","1","Religious sing week.","2024-01-07 19:01:03","15"
"136","6","52","1","Order maintain place course.","2024-01-27 17:19:06","92"
"137","5","56","4","Candidate officer rate detail voice enjoy story.","2024-03-27 18:18:39","61"
"138","5","77","5","Live blood some between animal raise bring.","2024-01-13 00:42:51","6"
"139","9","38","5","Force modern realize line kid force wide.","2024-03-17 15:41:39","6"
"140","2","91","1","Old week eye ok couple grow reality series.","2024-04-04 22:17:46","53"
"141","2","100","2","Range recognize much light.","2024-02-08 20:47:32","32"
"142","9","82","5","Brother join positive least music.","2024-02-13 21:17:33","74"
"143","4","32","5","Impact would general wall about.","2024-02-20 11:05:42","51"
"144","3","38","1","A just able popular red arm.","2024-02-23 00:22:00","100"
"145","6","86","3","Station keep choice truth pass painting.","2024-03-06 09:11:06","26"
"146","8","64","1","Spring message focus kind value conference.","2024-03-29 14:29:31","38"
"147","3","71","5","Long sea teacher among garden.","2024-04-05 08:33:33","45"
"148","4","68","5","Of recent mother season behavior carry.","2024-02-19 02:41:02","73"
"149","7","64","1","Avoid cup thousand possible.","2024-02-04 18:36:01","27"
"150","8","62","3","Cover behavior rise employee reveal thus.","2024-04-11 23:27:29","85"
"151","5","52","5","Range prepare player east.","2024-03-21 07:14:07","2"
"152","2","50","4","Both necessary help six alone.","2024-02-13 08:36:26","25"
"153","0","62","2","Machine affect message body perhaps only choose.","2024-02-15 13:15:01","9"
"154","1","87","2","Analysis prepare institution place support could.","2024-04-03 09:39:15","67"
"155","4","94","4","Truth admit staff home family writer partner.","2024-01-16 07:55:38","49"
"156","4","32","2","Billion benefit chair.","2024-01-05 11:44:09","37"
"157","2","36","5","Development right son real around soon stay fight.","2024-02-18 02:48:38","93"
"158","8","75","2","Peace long policy not style lead.","2024-02-07 02:44:29","33"
"159","1","80","2","Why if occur bit what provide.","2024-01-07 05:26:54","80"
"160","1","58","4","According paper discover place group force agreement.","2024-02-02 08:17:06","81"
"161","8","57","5","When find east east wrong time.","2024-04-06 19:04:41","14"
"162","8","89","2","Save much force team other.","2024-01-07 17:37:47","58"
"163","5","83","3","Close machine need drive place million well.","2024-03-13 09:40:29","91"
"164","9","83","4","Reflect nation attack Mr case hand.","2024-02-15 14:25:28","96"
"165","7","47","5","Base teach behavior will much.","2024-01-03 23:45:34","59"
"166","1","37","1","Point already world specific include music.","2024-02-21 20:21:22","3"
"167","7","59","1","Than what professional cover.","2024-03-13 12:41:53","95"
"168","2","97","3","Seat treatment star large.","2024-03-29 20:58:09","76"
"169","5","37","1","Return college country peace.","2024-01-29 10:40:53","25"
"170","5","89","2","Collection head when.","2024-01-25 04:34:05","74"
"171","6","77","5","Thing others between poor sister study fast.","2024-04-07 12:18:11","17"
"172","4","45","2","Bit mention officer compare rather theory.","2024-02-08 09:23:22","23"
"173","10","61","4","Imagine various return lay cup leg become television.","2024-04-07 04:24:21","47"
"174","9","83","1","City mean simple focus until.","2024-02-26 17:34:11","99"
"175","2","99","5","Say poor church positive air collection.","2024-02-19 00:40:20","98"
"176","6","33","4","Method impact college hot under box whose.","2024-03-21 17:28:21","33"
"177","2","65","5","Two school structure human southern huge player.","2024-04-07 18:46:32","100"
"178","3","33","5","Let decision itself allow.","2024-03-13 10:53:30","68"
"179","3","94","3","Head development manage available health.","2024-03-12 01:05:17","49"
"180","7","60","1","Series middle thank two investment partner kid.","2024-02-14 17:49:04","34"
"181","10","76","3","Deal bad people win either bit.","2024-01-11 05:51:41","53"
"182","8","74","1","Inside mind especially against measure action because door.","2024-03-16 09:09:56","94"
"183","7","61","3","Suffer child four his.","2024-03-07 20:59:44","44"
"184","5","80","2","Key camera thing lead.","2024-03-06 08:48:50","80"
"185","2","36","2","Large dog write.","2024-01-02 23:09:29","76"
"186","7","93","1","Why pattern we notice course.","2024-02-25 04:01:31","90"
"187","8","36","4","Understand result need moment star lay.","2024-03-20 18:19:34","30"
"188","1","74","3","Floor owner nearly learn until area news floor.","2024-04-03 17:18:22","55"
"189","7","48","3","Feel right performance everybody.","2024-03-26 10:43:50","19"
"190","8","47","3","Our fund experience hold local usually street sing.","2024-03-28 07:47:31","22"
"191","7","83","4","Step imagine catch parent seem against popular central.","2024-03-30 03:45:09","65"
"192","5","53","5","Order impact within himself could.","2024-04-08 19:24:53","52"
"193","9","42","4","Talk education policy shoulder research.","2024-02-09 17:16:40","6"
"194","7","73","4","Which thing they it improve.","2024-02-01 21:59:23","23"
"195","6","37","4","Quickly then financial people prove can station.","2024-03-18 09:42:57","25"
"196","1","84","2","Say detail my with memory.","2024-02-05 16:37:13","2"
"197","7","94","1","Instead late put method job small much.","2024-01-02 18:23:09","36"
"198","5","70","4","Series though early tend effort college.","2024-02-14 05:19:32","18"
"199","4","93","5","Language anything have answer would daughter.","2024-01-06 15:23:07","19"
200,2,1,5,Great! I like it!,2023-09-12 23:12:57,12
201,3,1,4,Not so good...,2023-10-12 23:12:58,34
202,4,1,3,I don't like it.,2023-11-12 23:12:59,25
203,5,1,5,Great! I like it!,2023-12-12 23:12:57,32
204,6,1,4,Not so good...,2023-03-12 23:12:58,11
205,7,1,3,I don't like it.,2023-04-12 23:12:59,3